System,material_id,E per atom above ground state,num__ElementProperty_MagpieData maximum NpValence,Shear Modulus Voigt,range oxidation state,Melting Point (K),num__ElementProperty_MagpieData avg_dev GSbandgap,num__ElementProperty_MagpieData mode NUnfilled,num__ElementProperty_MagpieData mean NUnfilled,num__DensityFeatures_vpa,num__ElementProperty_MagpieData mean NpUnfilled,num__ElementProperty_MagpieData range SpaceGroupNumber
LiAlCl4,mp-22983,0.0342487431862741,5.0,,4,491.0,1.108,1.0,1.6666666666666667,24.405869734121563,1.5,165.0
Li2ZnCl4,mp-22961,0.0402620956666663,5.0,16.758,3,836.0,1.221061224489796,1.0,0.8571428571428571,19.42740436483312,0.5714285714285714,165.0
Li2MnCl4,mp-34148,0.0664592385238096,5.0,,3,857.0,1.221061224489796,1.0,1.5714285714285714,20.297039173342345,0.5714285714285714,165.0
LiGaCl4,mp-28341,0.028677297132353,5.0,,4,476.0,1.108,1.0,1.6666666666666667,24.548898962934217,1.5,165.0
LiFeCl4,mp-1210931,0.0744136041666667,5.0,,4,537.0,1.108,1.0,1.5,24.368699557339927,0.6666666666666666,165.0
Li3InCl6,mp-676109,0.032183202033333,5.0,,4,816.0,1.19664,1.0,1.4,22.32921347110741,1.1,165.0
Li6VCl8,mp-29250,0.0806881648571429,5.0,,3,1090.0,1.2409599999999998,1.0,1.4,17.779100208066236,0.5333333333333333,165.0
Li6NiCl8,mp-1211124,0.0794399966666667,5.0,,3,992.0,1.2409599999999998,1.0,1.0666666666666669,17.416924475020505,0.5333333333333333,165.0
LiNb6Cl19,mp-29985,0.1616345868269242,5.0,,6,755.0,0.980973372781065,1.0,2.3846153846153846,24.908896219238365,0.7307692307692307,165.0
NaGaCl4,mp-1190761,0.0409509057598036,5.0,,4,478.0,1.108,1.0,1.6666666666666667,25.888979212963047,1.5,165.0
NaScCl4,mp-29432,0.0750067745588234,5.0,,4,1022.0,1.108,1.0,2.333333333333333,25.55503001252245,0.6666666666666666,165.0
Na2ZnCl4,mp-616461,0.0742415943809522,5.0,,3,649.0,1.221061224489796,1.0,0.8571428571428571,24.79350222709752,0.5714285714285714,165.0
NaAlCl4,mp-23363,0.0314638456372549,5.0,,4,470.0,1.108,1.0,1.6666666666666667,25.833538057969587,1.5,165.0
NaSn2Cl5,mp-28947,0.0312146624038458,5.0,,3,499.0,1.16859375,1.0,1.75,27.30083011672422,1.625,165.0
NaNbCl6,mp-28178,0.049513661009616,5.0,,6,784.0,0.934875,1.0,1.75,26.76249827615105,0.75,165.0
NaTaCl6,mp-28179,0.0537644947596156,5.0,,6,765.0,0.934875,1.0,1.75,26.796596534072464,0.75,165.0
Na3ScCl6,mp-1189516,0.0589819754999991,5.0,,4,917.0,1.19664,1.0,1.8,23.378189434033523,0.6,165.0
Na3InCl6,mp-23503,0.0744722904000001,5.0,,4,828.0,1.19664,1.0,1.4,25.496521492274795,1.1,165.0
Na3YCl6,mp-31362,0.0689263473000005,5.0,,4,883.0,1.19664,1.0,1.8,24.855382650243904,0.6,165.0
NaSbCl6,mp-28177,0.1044244128365385,5.0,,6,585.0,0.934875,1.0,1.25,27.44781051807671,1.125,165.0
Na6MgCl8,mp-1210184,0.089480405238095,5.0,,3,853.0,1.2409599999999998,1.0,0.9333333333333332,22.998107957841267,0.5333333333333333,165.0
Na6MnCl8,mp-27125,0.1116073746666659,5.0,,3,906.0,1.2409599999999998,1.0,1.2666666666666666,22.94709944599079,0.5333333333333333,165.0
NaAl3NiCl12,mp-568785,0.0662390380392161,5.0,,4,409.0,1.0351557093425603,1.0,1.7647058823529411,30.15202355861414,1.588235294117647,165.0
NaAl6Sb7(TeCl3)8,mp-1200510,0.1261643623188404,5.0,,5,1063.0,1.1599395085066162,1.0,2.0,32.7378099758358,1.9782608695652173,165.0
K2MgCl4,mp-27207,0.0312958897142858,5.0,11.104,3,730.0,1.221061224489796,1.0,0.8571428571428571,27.096964077166227,0.5714285714285714,165.0
Mg(AlCl4)2,mp-542463,0.0505363131818179,5.0,,4,475.0,0.9889586776859502,1.0,1.6363636363636365,27.63658186229984,1.6363636363636365,161.0
KAlCl4,mp-27755,0.0439054062990194,5.0,,4,,1.108,1.0,1.6666666666666667,31.138938121108897,1.5,165.0
AlTeCl7,mp-573751,0.0487019171296294,5.0,,5,450.0,0.7815802469135803,1.0,1.5555555555555556,31.36176909256357,1.5555555555555556,161.0
Al2VCl8,mp-568443,0.0726759371818186,5.0,,4,365.0,0.9889586776859502,1.0,2.272727272727273,27.44949489088923,1.6363636363636365,165.0
Ca(AlCl4)2,mp-570703,0.0523413227727274,5.0,,4,596.0,0.9889586776859502,1.0,1.6363636363636365,29.276043447264133,1.6363636363636365,161.0
K6InTe4Cl,mp-568916,0.1375775045370368,5.0,,5,1066.0,0.4228194444444444,1.0,1.6666666666666667,38.78948777466652,1.1666666666666667,165.0
KCaCl3,mp-1211643,0.0766418244000002,5.0,,3,981.0,1.19664,1.0,0.8,28.61731824532564,0.6,165.0
KVCl3,mp-1205604,0.1093550323999998,5.0,,3,1225.0,1.19664,1.0,2.2,25.509335182458013,0.6,165.0
KMnCl3,mp-567530,0.0419552822,5.0,,3,761.0,1.19664,1.0,1.8,24.4195827339041,0.6,165.0
K2CuCl3,mp-569952,0.0436210004166661,5.0,,2,663.0,1.2465,1.0,1.0,25.66298855891712,0.5,165.0
KGeCl3,mp-998613,0.0407587622999998,5.0,,3,494.0,1.10472,1.0,1.6,31.35309319788258,1.4,165.0
K2ZnCl4,mp-653633,0.0545727412976191,5.0,,3,757.0,1.221061224489796,1.0,0.8571428571428571,30.41485583034665,0.5714285714285714,165.0
K2CoCl4,mp-23515,0.0943108477380954,5.0,,3,770.0,1.221061224489796,1.0,1.2857142857142858,29.934957451397786,0.5714285714285714,165.0
KGaCl4,mp-30219,0.0444322883578429,5.0,,4,503.0,1.108,1.0,1.6666666666666667,29.29698274657992,1.5,165.0
K2LaCl5,mp-1201545,0.0716041366105768,5.0,,4,956.0,1.16859375,1.0,2.0,28.40025833529183,0.625,165.0
K2SbCl5,mp-27241,0.0368580917548078,5.0,,4,830.0,1.16859375,1.0,1.25,29.08576740817091,1.0,165.0
KSn2Cl5,mp-23539,0.0382498228846155,5.0,,3,495.0,1.16859375,1.0,1.75,28.35845711297212,1.625,165.0
K2YCl5,mp-1211533,0.0642017754086534,5.0,,4,1060.0,1.16859375,1.0,2.0,26.830855249599026,0.625,165.0
K2TiCl6,mp-27839,0.0771666255555558,5.0,5.98,5,1036.0,1.108,1.0,1.7777777777777777,26.21659165225724,0.6666666666666666,165.0
KSbCl6,mp-1211377,0.1187937326923074,5.0,,6,524.0,0.934875,1.0,1.25,28.06063367096525,1.125,165.0
K3InCl6,mp-569132,0.0873414407999999,5.0,,4,840.0,1.19664,1.0,1.4,28.53803194776492,1.1,165.0
K2MnCl6,mp-27304,0.1572872236111107,5.0,6.432,5,727.0,1.108,1.0,1.4444444444444444,25.11924406179164,0.6666666666666666,165.0
KNbCl6,mp-675801,0.0779283449038459,5.0,,6,714.0,0.934875,1.0,1.75,34.96344547871457,0.75,165.0
KTaCl6,mp-1211251,0.0341853720673075,5.0,,6,730.0,0.934875,1.0,1.75,27.34904238938763,0.75,165.0
K2SnCl6,mp-571453,0.1605101557407411,5.0,,5,539.0,1.108,1.0,1.3333333333333333,28.40993764022549,1.1111111111111112,165.0
K2TeCl6,mp-569149,0.1109222571296291,5.0,5.477,5,871.0,1.039259259259259,1.0,1.1111111111111112,29.018811153590185,0.8888888888888888,165.0
K3ScCl6,mp-1196072,0.0738897709000001,5.0,,4,1070.0,1.19664,1.0,1.8,28.115760754267185,0.6,165.0
K3TiCl6,mp-1205449,0.0693650338,5.0,,4,1058.0,1.19664,1.0,1.7,27.37228370611666,0.6,165.0
KY2Cl7,mp-1211540,0.0663056532499997,5.0,,4,873.0,1.04706,1.0,2.6,27.9472223637831,0.7,165.0
KNb2Cl11,mp-1192824,0.0408993408928575,5.0,,6,653.0,0.8394795918367348,1.0,1.8571428571428568,28.832589278949,0.7857142857142857,165.0
Ca9La5Cl33,mp-782047,0.0109511207801409,5.0,,4,1004.0,1.0427940244454503,1.0,1.6595744680851063,25.091201620978644,0.7021276595744681,161.0
FeTeCl7,mp-540997,0.1218965218518515,5.0,,5,435.0,0.7815802469135803,1.0,1.4444444444444444,30.09806322745217,1.0,165.0
Ga2NiCl8,mp-580999,0.0622244808181817,5.0,,4,310.0,0.9889586776859502,1.0,1.818181818181818,26.77295486345371,1.6363636363636365,161.0
GaCuCl4,mp-29362,0.0431729101470588,5.0,5.78,4,497.0,1.108,1.0,1.6666666666666667,24.777234944873413,1.5,161.0
GaSbCl6,mp-27735,0.0228717058653846,5.0,,4,327.0,0.934875,1.0,1.75,31.36713735282937,1.75,102.0
GaTeCl,mp-27449,0.2020179099019605,5.0,,5,632.0,1.0048888888888887,1.0,2.6666666666666665,30.11706084760648,2.6666666666666665,88.0
Zr(TeCl6)2,mp-569684,0.0844972168412701,5.0,,5,473.0,0.6987733333333332,1.0,1.6,33.65079878289606,1.0666666666666669,130.0
InTeCl,mp-504630,0.1242666285294116,5.0,,5,775.0,1.0048888888888887,1.0,2.6666666666666665,32.64934154894373,2.6666666666666665,88.0
LaTeCl,mp-1103189,0.1482931071568627,5.0,,5,1394.0,1.0048888888888887,1.0,4.0,28.64231032824645,1.0,130.0
LiFeBr4,mp-1211043,0.0890135293872549,5.0,,4,445.0,0.6475555555555556,1.0,1.5,29.165420542945125,0.6666666666666666,165.0
La(AlBr4)3,mp-568896,0.0666767018154756,5.0,,4,539.0,0.546375,1.0,2.25,39.94038511263157,1.6875,161.0
Zr2TeBr12,mp-28672,0.1241157375238093,5.0,,5,481.0,0.4167466666666666,1.0,2.0,40.50487299307012,0.9333333333333332,130.0
NbTeBr3,mp-28038,0.1450874041999998,5.0,,7,502.0,0.588,1.0,2.4,32.15304985548809,1.0,165.0
InTeBr,mp-29236,0.1548038688725492,5.0,,5,781.0,0.5444444444444444,1.0,2.6666666666666665,36.81909878259141,2.6666666666666665,88.0
TaTeBr9,mp-29716,0.0819366341818184,5.0,,6,462.0,0.3644628099173553,1.0,1.6363636363636365,35.581806485938834,1.0,165.0
La3Te4Br,mp-1198669,0.1430114881009618,5.0,,5,1642.0,0.31059375,2.0,4.5,32.88489036919737,1.125,130.0
LiInI4,mp-541001,0.0803468940686276,5.0,,4,508.0,0.472,1.0,1.6666666666666667,40.40873340232729,1.5,165.0
LiGaI4,mp-567967,0.1196116665441171,5.0,,4,491.0,0.472,1.0,1.6666666666666667,38.15485421878964,1.5,165.0
AlTeI7,mp-29407,0.0710452653703703,5.0,,5,460.0,0.2869135802469136,1.0,1.5555555555555556,48.58756892383929,1.5555555555555556,161.0
Ca3SbI3,mp-1214080,0.1534101857380956,5.0,,5,1275.0,0.5201632653061224,0.0,0.8571428571428571,37.53440559780996,0.8571428571428571,161.0
GaCuI4,mp-29403,0.1064348299999999,5.0,5.201,4,510.0,0.472,1.0,1.6666666666666667,37.98353795721692,1.5,161.0
GaTeI7,mp-29541,0.1205193652777776,5.0,,5,464.0,0.2869135802469136,1.0,1.5555555555555556,48.20887658893166,1.5555555555555556,88.0
NbTe4I,mp-505088,0.1962171989828434,5.0,,6,661.0,0.1918888888888889,2.0,2.6666666666666665,35.42755281318242,1.5,165.0
InTeI,mp-29234,0.1665129770098037,5.0,,5,913.0,0.368888888888889,1.0,2.6666666666666665,41.824460135778885,2.6666666666666665,88.0
LiZnN,mp-7575,0.174092806078431,3.0,86.596,5,1159.0,2.8608888888888893,0.0,1.3333333333333333,9.59427623038902,1.0,35.0
LiMgN,mp-37906,0.2126667175490197,3.0,86.804,5,1238.0,2.8608888888888893,0.0,1.3333333333333333,10.150766261936482,1.0,35.0
Li2ZrN2,mp-3216,0.1946290391999987,3.0,116.646,7,1892.0,3.0897600000000005,1.0,3.2,10.114962065884043,1.2,35.0
Li3YN2,mp-1029592,0.20807055074755,3.0,47.338,6,1631.0,2.8608888888888893,1.0,3.0,12.140798956760465,1.0,35.0
Li2GeN2,mp-1029776,0.2503424995000003,3.0,53.351,7,1468.0,3.0284800000000005,1.0,2.4,10.387119578151616,2.0,35.0
Li4TaN3,mp-30129,0.228292583701922,3.0,,8,1677.0,3.01734375,1.0,2.5,10.37792892697954,1.125,35.0
LiV2N3,mp-1029338,0.2405896268137262,3.0,83.741,8,1346.0,3.2185,3.0,4.0,10.056508017912805,1.5,35.0
LiHf2N3,mp-1029331,0.2304069596078424,3.0,,7,2511.0,3.2185,3.0,4.333333333333333,13.352758098743337,1.5,35.0
Li7TaN4,mp-14753,0.1774424595370369,3.0,68.225,8,1643.0,2.8608888888888893,1.0,2.1666666666666665,9.643001342108404,1.0,35.0
HfMgN2,mp-1029834,0.3317194996749997,3.0,89.092,7,2769.0,3.2185,3.0,3.5,12.92603776537847,1.5,0.0
CaMg2N2,mp-5795,0.2048941757999998,3.0,78.303,5,1800.0,3.0897600000000005,0.0,1.2,13.125395274862717,1.2,31.0
Mg2NbN3,mp-1246788,0.3268893353431377,3.0,,8,2056.0,3.2185,3.0,2.6666666666666665,12.38800761004996,1.5,35.0
Ca3Al3N5,mp-1029921,0.1699186807272728,3.0,66.017,6,2063.0,3.1919008264462807,3.0,2.727272727272727,13.23643390469506,2.727272727272727,31.0
CaHfN2,mp-1029359,0.3488292412000007,3.0,124.026,7,2996.0,3.2185,3.0,3.5,12.972651874104653,1.5,31.0
CaTiN2,mp-1029572,0.2284357410562503,3.0,,7,2136.0,3.2185,3.0,3.5,13.479672344484156,1.5,31.0
CaGeN2,mp-7801,0.348172474550001,3.0,63.111,7,1628.0,3.12275,3.0,2.5,13.203385515280534,2.5,31.0
Ca2ZnN2,mp-8818,0.2899158050999997,3.0,48.071,5,1710.0,3.0897600000000005,0.0,1.2,16.08466429647123,1.2,31.0
Ca4ZrN4,mp-1029660,0.2495310049074071,3.0,43.375,7,2702.0,3.178765432098766,0.0,2.2222222222222223,17.073593137885418,1.3333333333333333,31.0
Ca4SnN4,mp-1029681,0.2160364041666671,3.0,,7,,3.178765432098766,0.0,1.7777777777777777,16.745209343560404,1.7777777777777777,84.0
Ca5VN5,mp-1247440,0.3038860944090915,3.0,,8,1847.0,3.1919008264462807,0.0,2.0,15.39603344587365,1.3636363636363635,35.0
Ca6GaN5,mp-17875,0.208090523425926,3.0,36.178,6,1733.0,3.129097222222222,0.0,1.6666666666666667,17.434179651454084,1.6666666666666667,161.0
Ca6MnN5,mp-17577,0.2087403930555558,3.0,40.396,6,1727.0,3.129097222222222,0.0,1.6666666666666667,17.086423082714308,1.25,31.0
HfZnN2,mp-1014251,0.2607495196,3.0,93.38,7,2326.0,3.2185,3.0,3.5,11.993967648794667,1.5,0.0
TiZnN2,mp-1016108,0.2938737063250007,3.0,55.749,7,1817.0,3.2185,3.0,3.5,12.028829574234008,1.5,0.0
TaZn2N3,mp-1029387,0.2765698042156863,3.0,,8,2067.0,3.2185,3.0,2.6666666666666665,12.6574898434583,1.5,35.0
MnZn2N3,mp-1029354,0.2297174358333338,3.0,,6,1782.0,3.2185,3.0,2.333333333333333,11.240164281333064,1.5,23.0
NbZn2N3,mp-1029422,0.3156851914705871,3.0,52.784,8,1723.0,3.2185,3.0,2.6666666666666665,12.70607305544503,1.5,35.0
Zn3MoN4,mp-1246430,0.3308829010576914,3.0,,9,1380.0,3.2185,3.0,2.25,12.126651354652523,1.5,35.0
La2GaN3,mp-568036,0.2886235948774507,3.0,,6,1977.0,3.2185,3.0,5.333333333333333,15.564204819773522,2.333333333333333,130.0
Y3Te3N,mp-1193658,0.2166973017619051,4.0,,6,1767.0,1.519591836734694,2.0,5.142857142857143,28.534409665362546,1.2857142857142858,42.0
LaMoN3,mp-989631,0.2687048482999987,3.0,,9,1748.0,3.0897600000000005,3.0,4.8,16.323074080737058,1.8,35.0
LiMnF4,mp-558059,0.0990685392401955,5.0,,4,1049.0,0.8755555555555556,1.0,1.6666666666666667,10.725808281075471,0.6666666666666666,214.0
LiSbF6,mp-3980,0.0748204586538463,5.0,,6,573.0,0.73875,1.0,1.25,12.257026440651083,1.125,214.0
LiTaF6,mp-1080679,0.0857993210576912,5.0,,6,934.0,0.73875,1.0,1.75,13.092570171542125,0.75,214.0
LiVF6,mp-2710677,0.0654059936538464,5.0,,6,1062.0,0.73875,1.0,1.75,13.942254884969651,0.75,214.0
LiCoF4,mp-554689,0.1665023535784309,5.0,,4,1088.0,0.8755555555555556,1.0,1.3333333333333333,11.200749770257753,0.6666666666666666,214.0
LiInF4,mp-8892,0.0777021008578433,5.0,,4,1100.0,0.8755555555555556,1.0,1.6666666666666667,11.49907672370641,1.5,214.0
LiNbF6,mp-1078799,0.072668483653846,5.0,,6,892.0,0.73875,1.0,1.75,12.90473879618902,0.75,214.0
LiYF4,mp-3700,0.0963553380392152,5.0,33.619,4,1127.0,0.8755555555555556,1.0,2.333333333333333,11.823371137134876,0.6666666666666666,214.0
LiVF4,mp-754895,0.1159450060294116,5.0,,4,1072.0,0.8755555555555556,1.0,2.0,10.725095631180418,0.6666666666666666,214.0
LiSb2F7,mp-1195657,0.0542803652000003,5.0,,4,504.0,0.8274000000000001,1.0,1.4,14.388737142932914,1.3,214.0
Li2SnF6,mp-1205739,0.0671730769444449,5.0,,5,871.0,0.8755555555555554,1.0,1.3333333333333333,10.525273261700471,1.1111111111111112,214.0
Li2MnF6,mp-754966,0.0849307172222229,5.0,,5,1040.0,0.8755555555555554,1.0,1.4444444444444444,9.95246662694923,0.6666666666666666,214.0
Li2ZrF6,mp-542219,0.0500952922222222,5.0,,5,968.0,0.8755555555555554,1.0,1.7777777777777777,10.443783135703846,0.6666666666666666,214.0
Li2TiF6,mp-7603,0.0643687477777783,5.0,31.431,5,1094.0,0.8755555555555554,1.0,1.7777777777777777,10.396222828465602,0.6666666666666666,214.0
Li2GeF6,mp-7791,0.0716968866666665,5.0,,5,1025.0,0.8188148148148149,1.0,1.3333333333333333,9.979806498939128,1.1111111111111112,214.0
Li2MnF5,mp-556229,0.0720691136538453,5.0,,4,1061.0,0.9234375,1.0,1.5,10.32765344983588,0.625,214.0
Li2VF6,mp-753861,0.0584883782407406,5.0,,5,1102.0,0.8755555555555554,1.0,1.6666666666666667,10.190509386968294,0.6666666666666666,214.0
Li3VF6,mp-21633,0.0754302513000002,5.0,,4,1158.0,0.9456,1.0,1.6,10.05255456405658,0.6,214.0
Li3FeF6,mp-776627,0.0828762019333329,5.0,,4,1027.0,0.9456,1.0,1.3,10.01018612044493,0.6,214.0
Li3GaF6,mp-15558,0.0702732291666672,5.0,,4,1107.0,0.9456,1.0,1.4,9.90889790801744,1.1,214.0
MgTiF6,mp-1399447,0.126989832307693,5.0,,5,1106.0,0.73875,1.0,1.75,13.092805546055232,0.75,179.0
MgZrF6,mp-1025460,0.1364511637500003,5.0,,5,1135.0,0.73875,1.0,1.75,15.856628979006649,0.75,179.0
MgSnF6,mp-1397451,0.1375436768269233,5.0,,5,1022.0,0.73875,1.0,1.25,13.25133226659445,1.25,179.0
CaMnF5,mp-557426,0.1072679230000002,5.0,,4,1163.0,0.8040816326530613,1.0,1.4285714285714286,14.468572080140962,0.7142857142857143,210.0
CaTaF7,mp-558235,0.0589998660185191,5.0,,6,1923.0,0.6809876543209877,1.0,1.5555555555555556,14.879472688274628,0.7777777777777778,214.0
CaFeF5,mp-542232,0.1085135644761905,5.0,,4,1049.0,0.8040816326530613,1.0,1.2857142857142858,14.155712475313951,0.7142857142857143,214.0
CaVF6,mp-1391106,0.0843636830769227,5.0,,5,1161.0,0.73875,1.0,1.625,14.413414174029816,0.75,214.0
CaSnF6,mp-4782,0.1170183373076927,5.0,,5,1215.0,0.73875,1.0,1.25,17.771483157755593,1.25,210.0
CaMnF6,mp-1387972,0.1198969364423074,5.0,,5,1072.0,0.73875,1.0,1.375,13.900321162604683,0.75,210.0
CaTiF6,mp-27315,0.1008545473076925,5.0,34.298,5,1054.0,0.73875,1.0,1.75,17.55868086091457,0.75,210.0
TiZnF6,mp-1403065,0.0857188126923071,5.0,,5,1036.0,0.73875,1.0,1.75,12.696774897939385,0.75,179.0
MnZnF6,mp-1386276,0.1025144190384619,5.0,,5,1010.0,0.73875,1.0,1.375,11.539301646645084,0.75,202.0
ZnSnF6,mp-13903,0.1125702608653842,5.0,25.018,5,964.0,0.73875,1.0,1.25,13.175342784844917,1.25,179.0
YSnF7,mp-18183,0.1056492007407401,5.0,,5,781.0,0.6809876543209877,1.0,2.2222222222222223,14.502446341362754,1.2222222222222223,179.0
YZrF7,mp-1207624,0.0904474103703698,5.0,,5,475.0,0.6809876543209877,1.0,2.6666666666666665,15.278628739472522,0.7777777777777778,179.0
YZr3F15,mp-530429,0.0816920771491229,5.0,,5,568.0,0.6548476454293628,1.0,2.526315789473684,13.821772783550864,0.7894736842105263,179.0
ZrCoF6,mp-556360,0.0414473625961537,5.0,,5,1164.0,0.73875,1.0,2.125,15.723104792703577,0.75,179.0
ZrFeF6,mp-562418,0.1247498918269229,5.0,,5,706.0,0.73875,1.0,2.25,15.730562362909788,0.75,214.0
ZrMnF6,mp-1206098,0.116477974038462,5.0,,5,780.0,0.73875,1.0,2.375,17.409868441230508,0.75,202.0
ZrCrF6,mp-2459069,0.1015600666346152,5.0,,5,481.0,0.73875,1.0,2.5,18.209204771876685,0.75,214.0
Zr3InF15,mp-34291,0.0657329130701755,5.0,,5,656.0,0.6548476454293628,1.0,2.3157894736842106,12.431872358639708,1.0526315789473684,179.0
NbSbF10,mp-27472,0.0239314504166658,5.0,,6,477.0,0.5472222222222222,1.0,1.6666666666666667,14.88922524520701,1.0833333333333333,214.0
InSb3F18,mp-1200631,0.1566951426363632,5.0,,6,446.0,0.5861157024793389,1.0,1.4545454545454546,15.786675547133424,1.4545454545454546,151.0
HfVF6,mp-557938,0.1995849727884611,5.0,,5,466.0,0.73875,1.0,2.625,16.622075411130226,0.75,214.0
HfMnF6,mp-1205992,0.1251161929807684,5.0,,5,720.0,0.73875,1.0,2.375,17.094787220963067,0.75,202.0
LaSnF7,mp-18566,0.102718559907406,5.0,,5,1105.0,0.6809876543209877,1.0,2.2222222222222223,16.33787786403046,1.2222222222222223,179.0
LiAl5O8,mp-530399,0.168284995535715,4.0,127.477,5,2048.0,0.0,2.0,3.0,8.79843830054593,2.9285714285714284,217.0
Li2CrO4,mp-17159,0.1089857390000004,4.0,,8,761.0,0.0,2.0,2.2857142857142856,12.385740244384955,1.1428571428571428,217.0
Li2MnO3,mp-18988,0.2483666266666677,4.0,,6,1764.0,0.0,2.0,2.1666666666666665,8.144474308166098,1.0,217.0
Li6ZnO4,mp-14495,0.1286317897272724,4.0,,4,1710.0,0.0,1.0,1.2727272727272727,8.790389719356035,0.7272727272727273,217.0
MgTiO3,mp-3771,0.1663454682999994,4.0,79.331,6,2148.0,0.0,2.0,2.8,10.25186191467851,1.2,182.0
MgMnO3,mp-770618,0.2515276875999994,4.0,,6,1695.0,0.0,2.0,2.2,9.625948702724264,1.2,205.0
CaNb2O6,mp-17101,0.1262470019444439,4.0,,7,1818.0,0.0,2.0,2.888888888888889,12.817972357333227,1.3333333333333333,217.0
Ca3TeO6,mp-5279,0.2743612996999998,4.0,,8,1551.0,0.08352,2.0,1.4,13.01926504018615,1.4,213.0
LaScO3,mp-31116,0.1793523236000016,4.0,79.326,5,2433.0,0.0,2.0,4.8,13.366062966990754,1.2,182.0
Y2TeO6,mp-17066,0.263900133611112,4.0,,8,1443.0,0.0916543209876543,2.0,3.555555555555556,13.157604959405974,1.5555555555555556,182.0
Y2Ti2O7,mp-5373,0.0863764959999997,4.0,98.698,6,2242.0,0.0,2.0,4.363636363636363,11.714363100871791,1.2727272727272727,182.0
Y4Zr3O12,mp-1216160,0.171831435350878,4.0,,6,2732.0,0.0,2.0,4.421052631578948,13.249219537173609,1.263157894736842,182.0
La3NbO7,mp-560349,0.1358838040909091,4.0,,7,2168.0,0.0,2.0,4.363636363636363,15.201282081553442,1.2727272727272727,217.0
NbSbO4,mp-3491,0.1154307954656861,4.0,,7,1588.0,0.0,2.0,3.0,13.71942483272614,1.8333333333333333,217.0
In2TeO6,mp-504908,0.2562750956481476,4.0,60.934,8,1053.0,0.0916543209876543,2.0,2.6666666666666665,12.379138942917624,2.6666666666666665,140.0
HfV2O7,mp-505679,0.1726379868999998,4.0,,7,1600.0,0.0,2.0,3.6,17.430683490034156,1.4,217.0
TaSbO4,mp-1205391,0.1305374605882345,4.0,,7,2040.0,0.0,2.0,3.0,13.64602494110447,1.8333333333333333,217.0
La6WO12,mp-755135,0.152118114736842,4.0,,8,2175.0,0.0,2.0,4.421052631578948,15.988279543320704,1.263157894736842,217.0
V2WO6,mp-20312,0.2781341949074081,4.0,,7,1424.0,0.0,2.0,3.555555555555556,10.59524091338357,1.3333333333333333,217.0
La2TeO2,mp-4547,0.2472117422000002,4.0,,5,2088.0,0.14848,2.0,4.8,22.37269099961724,1.2,182.0
La3SbO7,mp-1211549,0.1822632329999995,4.0,,7,2101.0,0.0,2.0,4.0,15.357657195221735,1.5454545454545454,182.0
LiAlS2,mp-1106183,0.1485091773500002,4.0,,5,1307.0,1.101,2.0,2.5,19.78881285703817,2.25,159.0
LiYS2,mp-15788,0.1570902632999997,4.0,29.118,5,1616.0,1.101,2.0,3.5,20.27349501972274,1.0,159.0
LiScS2,mp-1001786,0.2049602971999995,4.0,34.563,5,1695.0,1.101,2.0,3.5,17.840495090932272,1.0,159.0
LiTiS2,mp-9615,0.1796125037999996,4.0,49.306,5,1308.0,1.101,2.0,3.25,15.804787769437732,1.0,159.0
LiSbS2,mp-1079885,0.1219402769000002,4.0,,5,962.0,1.101,2.0,2.0,21.16280357021169,1.75,159.0
LiCrS2,mp-4226,0.2321206161999995,4.0,41.845,5,1171.0,1.101,2.0,2.75,15.78579388806672,1.0,159.0
Li2TeS3,mp-558731,0.1456767006372548,4.0,,6,975.0,1.0236666666666667,2.0,1.6666666666666667,20.346221968456323,1.3333333333333333,159.0
La9Al5S21,mp-1223592,0.1550435361904769,4.0,,5,1453.0,1.05696,2.0,4.228571428571429,23.43679397323853,1.9142857142857144,155.0
Ca(ScS2)2,mp-17597,0.1573312579523804,4.0,,5,2221.0,1.078530612244898,2.0,3.7142857142857135,20.84711263177369,1.1428571428571428,155.0
Ca2SnS4,mp-866503,0.2277357254285714,4.0,,6,1353.0,1.078530612244898,2.0,1.7142857142857142,26.924096912818985,1.7142857142857142,155.0
Zn(CrS2)2,mp-4194,0.3166355106190481,4.0,,5,1418.0,1.078530612244898,2.0,2.857142857142857,17.872581578301087,1.1428571428571428,159.0
LaGaS3,mp-4816,0.2221515950666672,4.0,,5,1427.0,1.05696,2.0,4.0,23.323199585066103,2.2,130.0
GaCuS2,mp-5238,0.3046087325000002,4.0,38.637,5,1292.0,1.101,2.0,2.5,18.568830975179047,2.25,161.0
InGaS3,mp-504951,0.2268592926000003,4.0,,5,1438.0,1.05696,2.0,3.2,23.95398657233268,3.2,75.0
Ga2TeS2,mp-27255,0.2361551633999994,4.0,18.66,5,1136.0,0.98272,2.0,3.2,26.017349023801565,3.2,88.0
YCuS2,mp-10533,0.1496997977500003,4.0,,5,1220.0,1.101,2.0,3.5,20.687305440883662,1.0,155.0
Y2TeS2,mp-1216058,0.2205584481999993,4.0,,5,1698.0,0.98272,2.0,4.8,30.245720599333666,1.2,124.0
ZrSnS3,mp-17324,0.1887272080999995,4.0,,6,1705.0,1.05696,2.0,3.6,24.897124607105056,2.0,124.0
La2ZrS5,mp-1198687,0.1685788518509623,4.0,,6,1826.0,1.0321875,2.0,4.5,22.136131920550564,1.25,124.0
Nb3CoS6,mp-7116,0.3032014423000007,4.0,,7,1642.0,1.05696,2.0,3.6,17.628182970784238,1.2,159.0
Nb3VS6,mp-15958,0.4075210878000002,4.0,,7,1770.0,1.05696,2.0,4.0,17.95023026437812,1.2,159.0
InSbS3,mp-21365,0.2324288893999995,4.0,,5,1080.0,1.05696,2.0,2.8,24.52974256272517,2.8,96.0
La3InS6,mp-540877,0.1952623521000003,4.0,,5,1426.0,1.05696,2.0,4.4,24.30076082896265,1.7,124.0
HfSnS3,mp-8725,0.2188820138000009,4.0,,6,1660.0,1.05696,2.0,3.6,24.62338430163523,2.0,124.0
LaCrS3,mp-10328,0.2112079264000002,4.0,,5,1735.0,1.05696,2.0,4.2,19.874668944584048,1.2,159.0
La8Sb2S15,mp-1195582,0.1657372029999999,4.0,,5,1657.0,1.05696,2.0,4.32,25.64341926855344,1.44,124.0
LiCl,mp-22905,0.0474837950999997,5.0,21.222,2,883.0,1.2465,1.0,1.0,16.428175780340013,0.5,165.0
NaCl,mp-22862,0.0968131748000002,5.0,14.526,2,1067.0,1.2465,1.0,1.0,21.812662732751388,0.5,165.0
MgCl2,mp-23210,0.1014469173529408,5.0,10.607,3,951.0,1.108,1.0,0.6666666666666666,23.16805760537846,0.6666666666666666,130.0
AlCl3,mp-25469,0.0309008734499998,5.0,11.666,4,405.0,0.934875,1.0,2.0,23.002847963050687,2.0,161.0
SiCl4,mp-28391,0.0957413951000001,5.0,0.243,5,291.0,0.5503999999999999,1.0,1.6,30.344440555102533,1.6,163.0
KCl,mp-23193,0.1858560017999999,5.0,9.891,2,1047.0,1.2465,1.0,1.0,31.01452780167213,0.5,165.0
CaCl2,mp-571642,0.0756050455392154,5.0,,3,1113.0,1.108,1.0,0.6666666666666666,27.91126110559152,0.6666666666666666,161.0
ScCl3,mp-23309,0.1034461958500001,5.0,5.57,4,1216.0,0.934875,1.0,3.0,27.048933803411416,0.75,130.0
TiCl3,mp-569756,0.0684836521833336,5.0,,4,918.0,0.934875,1.0,2.75,24.43968140081326,0.75,130.0
TiCl4,mp-30092,0.0025925341999997,5.0,,5,531.0,0.7977599999999999,1.0,2.4,31.48800606829036,0.8,130.0
VCl2,mp-22877,0.1443738103921568,5.0,14.367,3,1636.0,1.108,1.0,3.0,23.28252968308636,0.6666666666666666,165.0
CoCl2,mp-23240,0.1000569298039222,5.0,-134.555,3,1002.0,1.108,1.0,1.6666666666666667,21.53023864854677,0.6666666666666666,130.0
ZnCl2,mp-22909,0.1370771647058828,5.0,6.512,3,846.0,1.108,1.0,0.6666666666666666,25.782809288342666,0.6666666666666666,130.0
GaCl3,mp-30952,0.0248320531499999,5.0,1.063,4,354.0,0.934875,1.0,2.0,30.658718623177567,2.0,0.0
GeCl4,mp-30086,0.1714847411000004,5.0,,5,255.0,0.6751999999999998,1.0,1.6,31.43536147780742,1.6,161.0
YCl3,mp-27455,0.1075743732999994,5.0,4.366,4,1018.0,0.934875,1.0,3.0,31.947080147356854,0.75,130.0
ZrCl4,mp-569175,0.0460269550000003,5.0,,5,886.0,0.7977599999999999,1.0,2.4,29.185904127943832,0.8,130.0
NbCl5,mp-23307,0.0538981245261442,5.0,,6,681.0,0.6924999999999999,1.0,2.0,28.760261542711177,0.8333333333333334,165.0
SnCl4,mp-29866,0.2333164903,5.0,,5,288.0,0.7977599999999999,1.0,1.6,33.25425086221799,1.6,77.0
SbCl3,mp-22872,0.0139205455499995,5.0,1.713,4,328.0,0.934875,1.0,1.5,30.892215374968497,1.5,102.0
SbCl5,mp-570796,0.0691713007843137,5.0,,6,356.0,0.6924999999999999,1.0,1.3333333333333333,29.40967929237159,1.3333333333333333,102.0
TeCl4,mp-569561,0.1271176661499997,5.0,,5,543.0,0.6492799999999999,1.0,1.2,31.835145756086,1.2,88.0
HfCl4,mp-29422,0.0404770897000013,5.0,,5,865.0,0.7977599999999999,1.0,2.4,28.85117793658697,0.8,130.0
TaCl5,mp-29831,0.037222203251634,5.0,,6,554.0,0.6924999999999999,1.0,2.0,28.57500063731157,0.8333333333333334,165.0
LaCl3,mp-22896,0.0878719306500004,5.0,16.94,4,1094.0,0.934875,1.0,3.0,26.93356674037987,0.75,130.0
LiBr,mp-976280,0.0766149474999999,5.0,8.593,2,826.0,0.7285,1.0,1.0,24.8361256015302,0.5,165.0
NaBr,mp-22916,0.0799094081999998,5.0,11.492,2,1038.0,0.7285,1.0,1.0,25.974894959260983,0.5,165.0
MgBr2,mp-30034,0.1076164903921568,5.0,8.581,3,925.0,0.6475555555555556,1.0,0.6666666666666666,27.4994966946216,0.6666666666666666,130.0
AlBr3,mp-23288,0.0238218814999999,5.0,0.693,4,399.0,0.546375,1.0,2.0,35.24595194786122,2.0,161.0
SiBr4,mp-570285,0.1569967854,5.0,,5,378.0,0.21888,1.0,1.6,35.524943186506185,1.6,163.0
KBr,mp-23251,0.0852362184999995,5.0,8.148,2,1016.0,0.7285,1.0,1.0,35.75894835064599,0.5,165.0
CaBr2,mp-22888,0.0718688934313731,5.0,11.561,3,1001.0,0.6475555555555556,1.0,0.6666666666666666,33.43897298595552,0.6666666666666666,161.0
ScBr3,mp-1186984,0.0481830227499999,5.0,,4,1219.0,0.546375,1.0,3.0,37.53374538062373,0.75,130.0
TiBr2,mp-27785,0.0496970763725483,5.0,11.115,3,1199.0,0.6475555555555556,1.0,3.333333333333333,27.93546870762219,0.6666666666666666,130.0
TiBr3,mp-28214,0.0769151411499997,5.0,,4,1256.0,0.546375,1.0,2.75,30.204139489929307,0.75,130.0
VBr2,mp-971787,0.156791323823529,5.0,,3,1452.0,0.6475555555555556,1.0,3.0,27.064737915828868,0.6666666666666666,165.0
FeBr3,mp-23232,0.0721405345499999,5.0,,4,939.0,0.546375,1.0,1.75,28.72851474652189,0.75,165.0
NiBr2,mp-27637,0.1830079189215689,5.0,12.37,3,1062.0,0.6475555555555556,1.0,1.3333333333333333,25.3526453143524,0.6666666666666666,161.0
CuBr2,mp-2360071,0.0852459383333332,5.0,7.403,3,800.0,0.6475555555555556,1.0,1.0,30.329713658672148,0.6666666666666666,161.0
ZnBr2,mp-647579,0.061287492904412,5.0,,3,708.0,0.6475555555555556,1.0,0.6666666666666666,31.4857223438195,0.6666666666666666,130.0
GaBr3,mp-30953,0.1034460244250006,5.0,0.552,4,389.0,0.546375,1.0,2.0,34.546672530354854,2.0,0.0
GeBr2,mp-541610,0.0395417760049019,5.0,,3,380.0,0.4773333333333334,1.0,2.0,35.32790613488341,2.0,161.0
YBr3,mp-754815,0.1050347890000003,5.0,3.846,4,1211.0,0.546375,1.0,3.0,36.56058752952541,0.75,130.0
ZrBr4,mp-1207486,0.0403043200999997,5.0,,5,638.0,0.4662400000000001,1.0,2.4,40.97931892971111,0.8,130.0
InBr3,mp-570219,0.07733143455,5.0,5.42,4,645.0,0.546375,1.0,2.0,32.89045424206188,2.0,75.0
SnBr2,mp-29862,0.0324673122549019,5.0,3.488,3,476.0,0.6475555555555556,1.0,2.0,33.135549241598085,2.0,77.0
SnBr4,mp-23216,0.1248326715000001,5.0,,5,379.0,0.4662400000000001,1.0,1.6,39.56827892500998,1.6,77.0
SbBr3,mp-570005,0.0171207092999998,5.0,,4,401.0,0.546375,1.0,1.5,36.25512175136779,1.5,102.0
TeBr4,mp-1208424,0.1418492270999998,5.0,,5,586.0,0.3177599999999999,1.0,1.2,36.8468858524604,1.2,88.0
HfBr4,mp-1212517,0.0185433368499996,5.0,,5,603.0,0.4662400000000001,1.0,2.4,40.57600547643473,0.8,130.0
TaBr5,mp-568846,0.1300865500490191,5.0,,6,575.0,0.4047222222222222,1.0,2.0,33.56855956408671,0.8333333333333334,165.0
LaBr3,mp-23263,0.071341759,5.0,14.679,4,1054.0,0.546375,1.0,3.0,31.671531676564893,0.75,130.0
LiI,mp-570935,0.0817871072999998,5.0,6.3,2,749.0,0.531,1.0,1.0,32.597874242748915,0.5,165.0
NaI,mp-23268,0.0908945437999997,5.0,8.497,2,964.0,0.531,1.0,1.0,33.344481388298945,0.5,165.0
MgI2,mp-23205,0.082232555,5.0,7.356,3,763.0,0.472,1.0,0.6666666666666666,36.10966594602698,0.6666666666666666,130.0
AlI3,mp-30930,0.0881411602500001,5.0,0.754,4,465.0,0.39825,1.0,2.0,45.33660529964496,2.0,161.0
SiI4,mp-635441,0.1530046337500001,5.0,,5,478.0,0.09248,1.0,1.6,46.20800592988283,1.6,163.0
KI,mp-22898,0.0919488942000001,5.0,6.271,2,952.0,0.531,1.0,1.0,44.45349350072201,0.5,165.0
CaI2,mp-30031,0.1221101731372549,5.0,4.657,3,1022.0,0.472,1.0,0.6666666666666666,42.69061654203818,0.6666666666666666,161.0
ScI3,mp-1186991,0.0371215772500002,5.0,,4,1234.0,0.39825,1.0,3.0,48.25675574822274,0.75,130.0
TiI3,mp-23264,0.1445101523749996,5.0,3.149,4,1289.0,0.39825,1.0,2.75,38.535753057293626,0.75,130.0
TiI4,mp-541013,0.1115945156000002,5.0,2.629,5,1266.0,0.33984,1.0,2.4,40.30048734279414,0.8,130.0
VI2,mp-1018138,0.1546804213725483,5.0,,3,1472.0,0.472,1.0,3.0,34.82336361276985,0.6666666666666666,165.0
VI3,mp-865493,0.0441625675999999,5.0,4.419,4,1199.0,0.39825,1.0,2.5,44.90772999299992,0.75,165.0
FeI2,mp-571122,-0.0068338811764707,5.0,7.883,3,1074.0,0.472,1.0,2.0,33.13281099279416,0.6666666666666666,165.0
NiI2,mp-27638,0.1267246316666663,5.0,10.462,3,1082.0,0.472,1.0,1.3333333333333333,31.644509036842773,0.6666666666666666,161.0
CuI,mp-570081,0.0629885094000002,5.0,9.085,2,782.0,0.531,1.0,1.0,27.60193495044158,0.5,161.0
GaI3,mp-30954,0.1176384398999998,5.0,0.335,4,473.0,0.39825,1.0,2.0,44.59437107857566,2.0,0.0
GeI2,mp-27922,0.0849478080065364,5.0,,3,613.0,0.3017777777777778,1.0,2.0,38.12710678222574,2.0,161.0
YI3,mp-571442,0.1141446321500003,5.0,,4,1259.0,0.39825,1.0,3.0,45.306126753495,0.75,130.0
ZrI4,mp-571235,0.0859079025333331,5.0,,5,713.0,0.33984,1.0,2.4,44.17047667934408,0.8,130.0
NbI5,mp-569578,0.1104648151960789,5.0,,6,660.0,0.295,1.0,2.0,41.66628847215972,0.8333333333333334,165.0
InI3,mp-567789,0.1472294182750002,5.0,,4,492.0,0.39825,1.0,2.0,46.84276918134,2.0,75.0
SnI2,mp-27194,0.0418349815686274,5.0,5.84,3,575.0,0.472,1.0,2.0,40.28818728486138,2.0,77.0
SnI4,mp-23182,0.09116468785,5.0,,5,491.0,0.33984,1.0,1.6,50.1986017172142,1.6,77.0
SbI3,mp-23281,0.1176132119500001,5.0,2.924,4,586.0,0.39825,1.0,1.5,43.99724679664578,1.5,102.0
TeI4,mp-570884,0.07530909905,5.0,,5,561.0,0.1913599999999999,1.0,1.2,49.00250483174358,1.2,88.0
HfI4,mp-569059,0.0574773773999996,5.0,,5,658.0,0.33984,1.0,2.4,43.45589465011501,0.8,130.0
TaI5,mp-570679,0.142269675833333,5.0,,6,645.0,0.295,1.0,2.0,42.19334702916802,0.8333333333333334,165.0
LaI3,mp-27979,0.0821059224000002,5.0,6.783,4,1035.0,0.39825,1.0,3.0,41.39230346078501,0.75,130.0
Li3N,mp-2251,0.1367927563000002,3.0,38.585,4,1083.0,2.413875,1.0,1.5,10.874344756695969,0.75,35.0
Mg3N2,mp-1559,0.2307549807499995,3.0,78.311,5,1785.0,3.0897600000000005,0.0,1.2,12.245675261606925,1.2,0.0
AlN,mp-661,0.3985595507999999,3.0,122.74,6,2750.0,3.2185,3.0,4.0,10.631820769545108,4.0,31.0
Si3N4,mp-988,0.397307261380952,3.0,126.611,7,1547.0,2.774204081632653,3.0,3.4285714285714284,10.392616506468476,3.4285714285714284,33.0
Ca3N2,mp-844,0.2078401155499998,3.0,33.751,5,1803.0,3.0897600000000005,0.0,1.2,18.68514943782586,1.2,31.0
ScN,mp-2857,0.4470837529999993,3.0,156.19,6,2747.0,3.2185,3.0,6.0,11.473936086227408,1.5,0.0
TiN,mp-492,0.1155545146000012,3.0,195.627,6,3225.0,3.2185,3.0,5.5,9.536536585459231,1.5,0.0
VN,mp-1018027,0.4046884219999995,3.0,,6,2481.0,3.2185,3.0,5.0,8.548510431243733,1.5,35.0
CrN,mp-2132,0.0971047693000013,3.0,64.385,6,2073.0,3.2185,3.0,4.5,9.20063813848239,1.5,35.0
FeN,mp-6988,0.3010660740999995,3.0,85.239,6,1848.0,3.2185,3.0,3.5,9.249731794592432,1.5,35.0
Zn3N2,mp-9460,0.1491886836999998,3.0,56.69,5,1579.0,3.0897600000000005,0.0,1.2,11.519590500913845,1.2,0.0
GaN,mp-804,0.6211450974999995,3.0,106.225,6,1714.0,3.2185,3.0,4.0,11.432080897320857,4.0,130.0
Ge3N4,mp-672289,0.2990871500714283,3.0,91.761,7,1383.0,2.9652244897959186,3.0,3.4285714285714284,12.43642047156605,3.4285714285714284,31.0
YN,mp-2114,0.1827286658000009,3.0,120.861,6,2868.0,3.2185,3.0,6.0,14.6766386197419,1.5,0.0
Zr3N4,mp-277,0.1626262540952385,3.0,,7,3226.0,3.1528163265306124,3.0,5.142857142857143,12.442126914502738,1.7142857142857142,0.0
NbN,mp-2634,0.4159999125000002,3.0,212.964,6,2439.0,3.2185,3.0,5.0,11.09076318814715,1.5,35.0
Hf3N4,mp-776470,0.1935749858333348,3.0,,7,3471.0,3.1528163265306124,3.0,5.142857142857143,11.981983740860132,1.7142857142857142,0.0
Ta3N5,mp-27488,0.301187402451923,3.0,103.167,8,3149.0,3.01734375,3.0,4.5,12.850297449032867,1.875,35.0
LaN,mp-256,0.2175252289999996,3.0,67.599,6,2944.0,3.2185,3.0,6.0,18.615958886849835,1.5,0.0
LiF,mp-1138,0.0848984873000002,5.0,50.976,2,1112.0,0.985,1.0,1.0,8.51107560207809,0.5,214.0
NaF,mp-682,0.1146074625999995,5.0,30.481,2,1275.0,0.985,1.0,1.0,11.944513130030131,0.5,214.0
MgF2,mp-1249,0.140264209117646,5.0,55.229,3,1490.0,0.8755555555555556,1.0,0.6666666666666666,10.819651651535182,0.6666666666666666,179.0
AlF3,mp-468,0.1520446667999992,5.0,58.043,4,1089.0,0.73875,1.0,2.0,10.679272957889818,2.0,210.0
SiF4,mp-1818,0.0423714042999998,5.0,4.654,5,298.0,0.3830399999999999,1.0,1.6,14.741415769706222,1.6,212.0
KF,mp-463,0.0993055567,5.0,17.521,2,1121.0,0.985,1.0,1.0,18.702759347064404,0.5,214.0
CaF2,mp-2741,0.1051083546078439,5.0,39.925,3,1661.0,0.8755555555555556,1.0,0.6666666666666666,13.986330735270302,0.6666666666666666,210.0
ScF3,mp-1078300,0.1331299129999994,5.0,,4,1660.0,0.73875,1.0,3.0,16.38271790930214,0.75,179.0
TiF3,mp-246,0.1583153384500004,5.0,46.547,4,1707.0,0.73875,1.0,2.75,15.05576360208292,0.75,179.0
TiF4,mp-28974,0.0344658789666665,5.0,,5,1679.0,0.6304,1.0,2.4,13.698023757305007,0.8,179.0
VF4,mp-554799,0.0530069510999995,5.0,,5,1471.0,0.6304,1.0,2.2,12.50180304090244,0.8,214.0
VF3,mp-559931,0.1887373396999994,5.0,,4,1683.0,0.73875,1.0,2.5,12.395001342232684,0.75,214.0
VF5,mp-27309,0.0029017942769611,5.0,,6,328.0,0.5472222222222222,1.0,2.0,13.393598478420584,0.8333333333333334,214.0
MnF2,mp-560902,0.140915150392157,5.0,,3,1419.0,0.8755555555555556,1.0,2.333333333333333,13.101949362460068,0.6666666666666666,202.0
MnF3,mp-556560,0.1118636581499998,5.0,,4,1438.0,0.73875,1.0,2.0,14.250802056253368,0.75,202.0
FeF2,mp-556911,0.1883681852941165,5.0,,3,1102.0,0.8755555555555556,1.0,2.0,12.027098086269088,0.6666666666666666,214.0
FeF3,mp-22398,0.1647234575,5.0,,4,1066.0,0.73875,1.0,1.75,12.282130780602069,0.75,214.0
CoF2,mp-555908,0.2646644628431378,5.0,,3,1121.0,0.8755555555555556,1.0,1.6666666666666667,11.496876808915845,0.6666666666666666,179.0
ZnF2,mp-1873,0.0941785271568624,5.0,39.318,3,1098.0,0.8755555555555556,1.0,0.6666666666666666,11.54871254201592,0.6666666666666666,179.0
GaF3,mp-588,0.1329674565000003,5.0,,4,1382.0,0.73875,1.0,2.0,11.441639545040392,2.0,49.0
GeF4,mp-9816,0.0041018451000001,5.0,,5,316.0,0.50784,1.0,1.6,14.989051306340643,1.6,210.0
YF3,mp-2416,0.0718914872500002,5.0,,4,1550.0,0.73875,1.0,3.0,11.922537438066488,0.75,179.0
ZrF4,mp-1105223,0.0736848627000004,5.0,,5,1198.0,0.6304,1.0,2.4,11.984537693127548,0.8,179.0
NbF5,mp-18687,0.0256990214460781,5.0,,6,1194.0,0.5472222222222222,1.0,2.0,13.919597240024466,0.8333333333333334,214.0
MoF6,mp-557259,0.0296267804047616,5.0,,7,330.0,0.4824489795918367,1.0,1.7142857142857142,13.980326265042306,0.8571428571428571,214.0
InF3,mp-6949,0.0852966776999997,5.0,,4,1411.0,0.73875,1.0,2.0,14.38875236481637,2.0,124.0
SnF2,mp-2843,0.0404177248284307,5.0,,3,664.0,0.8755555555555556,1.0,2.0,17.277471199537654,2.0,126.0
SnF4,mp-2706,0.0530223722000009,5.0,43.547,5,944.0,0.6304,1.0,1.6,12.922407992665049,1.6,126.0
SbF3,mp-1880,0.0572192605500001,5.0,8.464,4,601.0,0.73875,1.0,1.5,15.655091160224632,1.5,151.0
SbF5,mp-1341935,0.001811183186275,5.0,,6,623.0,0.5472222222222222,1.0,1.3333333333333333,15.01505273661676,1.3333333333333333,151.0
TeF6,mp-1875,0.0830008441666665,5.0,,7,615.0,0.3688163265306122,1.0,1.1428571428571428,14.434859783368628,1.1428571428571428,137.0
TeF4,mp-561664,0.039941045199999,5.0,8.383,5,611.0,0.48192,1.0,1.2,15.206227369958388,1.2,137.0
HfF4,mp-31033,0.0708099433333329,5.0,,5,1793.0,0.6304,1.0,2.4,11.815781141092936,0.8,179.0
TaF5,mp-561197,0.0336538107843136,5.0,,6,469.0,0.5472222222222222,1.0,2.0,13.742517747348272,0.8333333333333334,214.0
WF6,mp-555003,0.0085949062857144,5.0,,7,399.0,0.4824489795918367,1.0,1.7142857142857142,14.202592377640302,0.8571428571428571,214.0
LaF3,mp-905,0.0833755074999986,5.0,,4,1677.0,0.73875,1.0,3.0,13.590219795030327,0.75,179.0
Li2O,mp-1960,0.1274194410784312,4.0,70.095,3,1706.0,0.0,1.0,1.3333333333333333,8.398782930867444,0.6666666666666666,217.0
Na2O,mp-2352,0.0981922619607842,4.0,31.785,3,1423.0,0.0,1.0,1.3333333333333333,13.751317557046228,0.6666666666666666,217.0
MgO,mp-1265,0.129966522700001,4.0,121.396,4,3016.0,0.0,0.0,1.0,9.2213850455102,1.0,182.0
Al2O3,mp-1143,0.1756225127999995,4.0,135.846,5,2266.0,0.0,2.0,3.2,8.74200193995937,3.2,213.0
SiO2,mp-7000,0.140015519509804,4.0,48.697,6,1941.0,0.3435555555555556,2.0,2.6666666666666665,12.625050107639945,2.6666666666666665,215.0
K2O,mp-971,0.0729125119607845,4.0,14.745,3,951.0,0.0,1.0,1.3333333333333333,21.60016275042653,0.6666666666666666,217.0
CaO,mp-2605,0.1250999140000006,4.0,74.217,4,2855.0,0.0,0.0,1.0,13.885533501816138,1.0,213.0
Sc2O3,mp-216,0.2101675023999991,4.0,79.862,5,2700.0,0.0,2.0,4.8,11.993227722986564,1.2,182.0
TiO,mp-1071163,0.287456602533334,4.0,,4,2136.0,0.0,2.0,5.0,10.322965261097524,1.0,182.0
TiO2,mp-390,0.1403354554901952,4.0,51.247,6,2093.0,0.0,2.0,4.0,11.463995375804954,1.3333333333333333,182.0
Ti2O3,mp-458,0.170632126800001,4.0,78.161,6,2099.0,0.0,2.0,4.4,10.37211155286214,1.2,182.0
VO2,mp-541404,0.1398406339215689,4.0,,6,1480.0,0.0,2.0,3.6666666666666665,11.286393262601704,1.3333333333333333,217.0
V2O3,mp-21579,0.3169332278499999,4.0,,5,2118.0,0.0,2.0,4.0,10.969965248232716,1.2,217.0
V2O5,mp-25279,0.0432806539523804,4.0,,7,972.0,0.0,2.0,3.4285714285714284,12.551321151285189,1.4285714285714286,217.0
Cr2O3,mp-19399,0.357628910199999,4.0,,5,2521.0,0.0,2.0,3.6,9.76733691397389,1.2,217.0
MnO2,mp-644514,0.290383901830066,4.0,,6,1499.0,0.0,2.0,3.0,9.62132250389411,1.3333333333333333,205.0
MnO,mp-1232659,0.1895578353499996,4.0,,4,1983.0,0.0,2.0,3.5,10.738201254842728,1.0,205.0
Mn2O3,mp-1172875,0.2016314287499998,4.0,,6,1912.0,0.0,2.0,3.2,11.113758759654797,1.2,205.0
FeO,mp-1274279,0.2802168815500003,4.0,,4,1982.0,0.0,2.0,3.0,10.62355960479301,1.0,217.0
Fe2O3,mp-19770,0.2089359719000008,4.0,,5,1881.0,0.0,2.0,2.8,10.311075301961129,1.2,217.0
CoO,mp-22408,0.3273432073000002,4.0,,4,2075.0,0.0,2.0,2.5,11.41145970697735,1.0,182.0
NiO,mp-19009,0.2945178474000007,4.0,,4,2173.0,0.0,2.0,2.0,9.17091681388321,1.0,213.0
ZnO,mp-2133,0.2065786409999992,4.0,43.497,4,2121.0,0.0,0.0,1.0,11.8492870649751,1.0,182.0
Ga2O3,mp-886,0.1698051682000008,4.0,76.469,5,2105.0,0.0,2.0,3.2,10.573376293730536,3.2,52.0
GeO2,mp-470,0.1058543581372548,4.0,138.048,6,1360.0,0.1702222222222222,2.0,2.6666666666666665,9.334043879715589,2.6666666666666665,213.0
Y2O3,mp-2652,0.2377568362999991,4.0,62.763,5,2677.0,0.0,2.0,4.8,14.920692272925162,1.2,182.0
ZrO2,mp-2858,0.1771249590196077,4.0,89.09,6,2899.0,0.0,2.0,4.0,11.805697110602315,1.3333333333333333,182.0
Nb2O5,mp-581967,0.1019525166598658,4.0,,7,1876.0,0.0,2.0,3.4285714285714284,14.662601818802,1.4285714285714286,217.0
MoO3,mp-715584,0.0777222129500003,4.0,,8,1075.0,0.0,2.0,3.0,13.519505055345066,1.5,217.0
In2O3,mp-22598,0.1888159369999993,4.0,57.396,5,2098.0,0.0,2.0,3.2,13.174492897705449,3.2,127.0
SnO2,mp-856,0.2657320683333335,4.0,97.241,6,2012.0,0.0,2.0,2.6666666666666665,12.136906512323106,2.6666666666666665,129.0
Sb2O3,mp-2136,0.0991924458000008,4.0,,5,1541.0,0.0,2.0,2.4,16.599243674926626,2.4,154.0
Sb2O5,mp-1705,0.1462876670476189,4.0,81.134,7,1794.0,0.0,2.0,2.2857142857142856,11.4944091691149,2.2857142857142856,154.0
TeO3,mp-1101301,0.1884627180500002,4.0,,8,1054.0,0.174,2.0,2.0,13.882669528325534,2.0,140.0
TeO2,mp-8377,0.0759424423529413,4.0,25.949,6,1022.0,0.2062222222222222,2.0,2.0,15.615076205911963,2.0,140.0
HfO2,mp-352,0.1913485002941186,4.0,103.557,6,2957.0,0.0,2.0,4.0,11.376381614199502,1.3333333333333333,182.0
Ta2O5,mp-1539317,0.1209583989047615,4.0,71.785,7,2085.0,0.0,2.0,3.4285714285714284,13.85690576737179,1.4285714285714286,217.0
WO3,mp-2383161,0.2028584942999991,4.0,,8,1772.0,0.0,2.0,3.0,14.337602576709996,1.5,217.0
La2O3,mp-1968,0.1465124861000006,4.0,47.955,5,2525.0,0.0,2.0,4.8,16.356773217045408,1.2,182.0
Li2S,mp-1153,0.1252649756862744,4.0,33.907,3,1647.0,0.9786666666666668,1.0,1.3333333333333333,15.193053391341875,0.6666666666666666,159.0
Na2S,mp-648,0.1124552782352941,4.0,19.193,3,1432.0,0.9786666666666668,1.0,1.3333333333333333,22.867559900045947,0.6666666666666666,159.0
MgS,mp-1315,0.1681310685000001,4.0,51.82,4,2339.0,1.101,0.0,1.0,17.66533335308533,1.0,124.0
Al2S3,mp-1228491,0.1207554205999992,4.0,,5,1364.0,1.05696,2.0,3.2,21.78118071913624,3.2,155.0
K2S,mp-1022,0.0973358449019605,4.0,9.905,3,1193.0,0.9786666666666668,1.0,1.3333333333333333,33.95902569497368,0.6666666666666666,159.0
CaS,mp-1672,0.2782412616999998,4.0,39.879,4,2581.0,1.101,0.0,1.0,23.20702876526364,1.0,155.0
Sc2S3,mp-401,0.1980539683999991,4.0,37.88,5,2222.0,1.05696,2.0,4.8,21.431385871831512,1.2,124.0
TiS,mp-1018028,0.3511527559000003,4.0,105.687,4,2282.0,1.101,2.0,5.0,14.870237544492056,1.0,124.0
TiS2,mp-2156,0.2248064226470587,4.0,26.289,6,1745.0,0.9786666666666668,2.0,4.0,20.385126383479825,1.3333333333333333,124.0
Ti2S3,mp-1101099,0.20935214,4.0,,6,2076.0,1.05696,2.0,4.4,17.470125582799305,1.2,124.0
VS2,mp-1013525,0.2232450538235291,4.0,27.686,6,1924.0,0.9786666666666668,2.0,3.6666666666666665,18.528042706207604,1.3333333333333333,159.0
Cr2S3,mp-555569,0.2685746093000016,4.0,,5,1845.0,1.05696,2.0,3.6,17.660390142171053,1.2,159.0
MnS,mp-2065,0.1445424749999997,4.0,35.804,4,1778.0,1.101,2.0,3.5,17.232643748471457,1.0,147.0
MnS2,mp-1422029,0.2155349485294113,4.0,16.699,6,1441.0,0.9786666666666668,2.0,3.0,21.30349160472776,1.3333333333333333,147.0
FeS,mp-505531,0.2565398623000003,4.0,33.829,4,1452.0,1.101,2.0,3.0,16.997849818626296,1.0,159.0
CuS,mp-555599,0.132089958299999,4.0,24.792,4,1319.0,1.101,1.0,1.5,16.695998095933096,1.0,155.0
ZnS,mp-554820,0.3131470415214288,4.0,,4,2002.0,1.101,0.0,1.0,19.54285558663752,1.0,124.0
Ga2S3,mp-539,0.21854189,4.0,23.604,5,1357.0,1.05696,2.0,3.2,21.9106108358102,3.2,6.0
GeS2,mp-572892,0.2352830394730389,4.0,,6,1102.0,0.8084444444444445,2.0,2.6666666666666665,27.34294515898241,2.6666666666666665,155.0
Y2S3,mp-541289,0.1401590706333335,4.0,31.194,5,1889.0,1.05696,2.0,4.8,23.91541596864251,1.2,124.0
ZrS2,mp-1186,0.2143159633333331,4.0,24.135,6,1757.0,0.9786666666666668,2.0,4.0,23.763033544184378,1.3333333333333333,124.0
In2S3,mp-22216,0.2827160913000011,4.0,,5,1360.0,1.05696,2.0,3.2,24.049710279976445,3.2,69.0
SnS2,mp-1170,0.189531241470588,4.0,19.781,6,1094.0,0.9786666666666668,2.0,2.6666666666666665,24.275405299034816,2.6666666666666665,71.0
SnS,mp-2231,0.1529490473999999,4.0,20.0,4,1150.0,1.101,2.0,3.0,25.540443545479764,3.0,71.0
Sb2S3,mp-2809,0.1671594544000001,4.0,13.058,5,937.0,1.05696,2.0,2.4,25.785395598507144,2.4,96.0
HfS2,mp-985829,0.2618506513725496,4.0,,6,1824.0,0.9786666666666668,2.0,4.0,23.15722098393303,1.3333333333333333,124.0
La2S3,mp-7475,0.1541016116000007,4.0,33.247,5,2195.0,1.05696,2.0,4.8,25.20939763057092,1.2,124.0
